experiment,val_accuracy,val_macro_f1,test_accuracy,test_macro_f1
word_lr_original,0.737,0.7311913130844417,0.5117845117845118,0.4779597554429651
word_svc_original,0.731,0.726447818141696,0.5114478114478115,0.4803090696255631
char_svc_original,0.729,0.7223289530981838,0.49966329966329964,0.4538725205103139
