{
  "word_lr": {
    "validation": {
      "accuracy": 0.734,
      "macro_f1": 0.7280430550784381,
      "confusion_matrix": [
        [
          441,
          132
        ],
        [
          134,
          293
        ]
      ],
      "classification_report": {
        "0": {
          "precision": 0.7669565217391304,
          "recall": 0.7696335078534031,
          "f1-score": 0.7682926829268293,
          "support": 573.0
        },
        "1": {
          "precision": 0.6894117647058824,
          "recall": 0.6861826697892272,
          "f1-score": 0.687793427230047,
          "support": 427.0
        },
        "accuracy": 0.734,
        "macro avg": {
          "precision": 0.7281841432225065,
          "recall": 0.7279080888213152,
          "f1-score": 0.7280430550784381,
          "support": 1000.0
        },
        "weighted avg": {
          "precision": 0.7338449104859335,
          "recall": 0.734,
          "f1-score": 0.7339195007443032,
          "support": 1000.0
        }
      }
    },
    "test": {
      "accuracy": 0.5117845117845118,
      "macro_f1": 0.4783411964731916,
      "confusion_matrix": [
        [
          384,
          1334
        ],
        [
          116,
          1136
        ]
      ],
      "classification_report": {
        "0": {
          "precision": 0.768,
          "recall": 0.22351571594877764,
          "f1-score": 0.3462578899909829,
          "support": 1718.0
        },
        "1": {
          "precision": 0.45991902834008097,
          "recall": 0.9073482428115016,
          "f1-score": 0.6104245029554003,
          "support": 1252.0
        },
        "accuracy": 0.5117845117845118,
        "macro avg": {
          "precision": 0.6139595141700405,
          "recall": 0.5654319793801397,
          "f1-score": 0.4783411964731916,
          "support": 2970.0
        },
        "weighted avg": {
          "precision": 0.6381288294551452,
          "recall": 0.5117845117845118,
          "f1-score": 0.45761701437867675,
          "support": 2970.0
        }
      }
    }
  },
  "word_svc": {
    "validation": {
      "accuracy": 0.733,
      "macro_f1": 0.7284816633599733,
      "confusion_matrix": [
        [
          431,
          142
        ],
        [
          125,
          302
        ]
      ],
      "classification_report": {
        "0": {
          "precision": 0.7751798561151079,
          "recall": 0.7521815008726004,
          "f1-score": 0.7635075287865367,
          "support": 573.0
        },
        "1": {
          "precision": 0.6801801801801802,
          "recall": 0.7072599531615925,
          "f1-score": 0.6934557979334098,
          "support": 427.0
        },
        "accuracy": 0.733,
        "macro avg": {
          "precision": 0.727680018147644,
          "recall": 0.7297207270170964,
          "f1-score": 0.7284816633599733,
          "support": 1000.0
        },
        "weighted avg": {
          "precision": 0.7346149944908937,
          "recall": 0.733,
          "f1-score": 0.7335954397122516,
          "support": 1000.0
        }
      }
    },
    "test": {
      "accuracy": 0.5131313131313131,
      "macro_f1": 0.48237159630716897,
      "confusion_matrix": [
        [
          400,
          1318
        ],
        [
          128,
          1124
        ]
      ],
      "classification_report": {
        "0": {
          "precision": 0.7575757575757576,
          "recall": 0.23282887077997672,
          "f1-score": 0.3561887800534283,
          "support": 1718.0
        },
        "1": {
          "precision": 0.46027846027846026,
          "recall": 0.8977635782747604,
          "f1-score": 0.6085544125609096,
          "support": 1252.0
        },
        "accuracy": 0.5131313131313131,
        "macro avg": {
          "precision": 0.6089271089271089,
          "recall": 0.5652962245273685,
          "f1-score": 0.48237159630716897,
          "support": 2970.0
        },
        "weighted avg": {
          "precision": 0.6322504322504322,
          "recall": 0.5131313131313131,
          "f1-score": 0.46257321503638,
          "support": 2970.0
        }
      }
    }
  },
  "char_svc": {
    "validation": {
      "accuracy": 0.728,
      "macro_f1": 0.7212155004181767,
      "confusion_matrix": [
        [
          442,
          131
        ],
        [
          141,
          286
        ]
      ],
      "classification_report": {
        "0": {
          "precision": 0.758147512864494,
          "recall": 0.7713787085514834,
          "f1-score": 0.7647058823529411,
          "support": 573.0
        },
        "1": {
          "precision": 0.6858513189448441,
          "recall": 0.6697892271662763,
          "f1-score": 0.6777251184834123,
          "support": 427.0
        },
        "accuracy": 0.728,
        "macro avg": {
          "precision": 0.721999415904669,
          "recall": 0.7205839678588799,
          "f1-score": 0.7212155004181767,
          "support": 1000.0
        },
        "weighted avg": {
          "precision": 0.7272770380608036,
          "recall": 0.728,
          "f1-score": 0.7275650961806522,
          "support": 1000.0
        }
      }
    },
    "test": {
      "accuracy": 0.49966329966329964,
      "macro_f1": 0.45363967864740345,
      "confusion_matrix": [
        [
          311,
          1407
        ],
        [
          79,
          1173
        ]
      ],
      "classification_report": {
        "0": {
          "precision": 0.7974358974358975,
          "recall": 0.1810244470314319,
          "f1-score": 0.29506641366223907,
          "support": 1718.0
        },
        "1": {
          "precision": 0.45465116279069767,
          "recall": 0.9369009584664537,
          "f1-score": 0.6122129436325678,
          "support": 1252.0
        },
        "accuracy": 0.49966329966329964,
        "macro avg": {
          "precision": 0.6260435301132976,
          "recall": 0.5589627027489428,
          "f1-score": 0.45363967864740345,
          "support": 2970.0
        },
        "weighted avg": {
          "precision": 0.6529353965012881,
          "recall": 0.49966329966329964,
          "f1-score": 0.4287591596295292,
          "support": 2970.0
        }
      }
    }
  }
}