{
  "word_lr_strong_reg": {
    "validation": {
      "accuracy": 0.727,
      "macro_f1": 0.7129817412230763,
      "confusion_matrix": [
        [
          474,
          99
        ],
        [
          174,
          253
        ]
      ],
      "classification_report": {
        "0": {
          "precision": 0.7314814814814815,
          "recall": 0.8272251308900523,
          "f1-score": 0.7764127764127764,
          "support": 573.0
        },
        "1": {
          "precision": 0.71875,
          "recall": 0.5925058548009368,
          "f1-score": 0.6495507060333762,
          "support": 427.0
        },
        "accuracy": 0.727,
        "macro avg": {
          "precision": 0.7251157407407407,
          "recall": 0.7098654928454946,
          "f1-score": 0.7129817412230763,
          "support": 1000.0
        },
        "weighted avg": {
          "precision": 0.7260451388888889,
          "recall": 0.727,
          "f1-score": 0.7222426723607726,
          "support": 1000.0
        }
      }
    },
    "test": {
      "accuracy": 0.4936026936026936,
      "macro_f1": 0.4619837398373984,
      "confusion_matrix": [
        [
          373,
          1345
        ],
        [
          159,
          1093
        ]
      ],
      "classification_report": {
        "0": {
          "precision": 0.7011278195488722,
          "recall": 0.2171129220023283,
          "f1-score": 0.33155555555555555,
          "support": 1718.0
        },
        "1": {
          "precision": 0.448318293683347,
          "recall": 0.8730031948881789,
          "f1-score": 0.5924119241192412,
          "support": 1252.0
        },
        "accuracy": 0.4936026936026936,
        "macro avg": {
          "precision": 0.5747230566161096,
          "recall": 0.5450580584452536,
          "f1-score": 0.4619837398373984,
          "support": 2970.0
        },
        "weighted avg": {
          "precision": 0.5945562618439437,
          "recall": 0.4936026936026936,
          "f1-score": 0.4415192503170823,
          "support": 2970.0
        }
      }
    },
    "cross_validation": {
      "cv_mean": 0.7717267323687766,
      "cv_std": 0.007786216984033301,
      "cv_scores": [
        0.7860292532646102,
        0.770626370533984,
        0.7723686506719663,
        0.7640591481388732,
        0.7655502392344498
      ]
    }
  },
  "word_svc_strong_reg": {
    "validation": {
      "accuracy": 0.745,
      "macro_f1": 0.7349203461628421,
      "confusion_matrix": [
        [
          470,
          103
        ],
        [
          152,
          275
        ]
      ],
      "classification_report": {
        "0": {
          "precision": 0.7556270096463023,
          "recall": 0.8202443280977313,
          "f1-score": 0.7866108786610879,
          "support": 573.0
        },
        "1": {
          "precision": 0.7275132275132276,
          "recall": 0.6440281030444965,
          "f1-score": 0.6832298136645962,
          "support": 427.0
        },
        "accuracy": 0.745,
        "macro avg": {
          "precision": 0.741570118579765,
          "recall": 0.732136215571114,
          "f1-score": 0.7349203461628421,
          "support": 1000.0
        },
        "weighted avg": {
          "precision": 0.7436224246754793,
          "recall": 0.745,
          "f1-score": 0.7424671639075859,
          "support": 1000.0
        }
      }
    },
    "test": {
      "accuracy": 0.49932659932659934,
      "macro_f1": 0.4641460296375334,
      "confusion_matrix": [
        [
          361,
          1357
        ],
        [
          130,
          1122
        ]
      ],
      "classification_report": {
        "0": {
          "precision": 0.7352342158859471,
          "recall": 0.210128055878929,
          "f1-score": 0.3268447261204165,
          "support": 1718.0
        },
        "1": {
          "precision": 0.4526018555869302,
          "recall": 0.8961661341853036,
          "f1-score": 0.6014473331546503,
          "support": 1252.0
        },
        "accuracy": 0.49932659932659934,
        "macro avg": {
          "precision": 0.5939180357364386,
          "recall": 0.5531470950321162,
          "f1-score": 0.4641460296375334,
          "support": 2970.0
        },
        "weighted avg": {
          "precision": 0.6160908774703345,
          "recall": 0.49932659932659934,
          "f1-score": 0.4426031315099319,
          "support": 2970.0
        }
      }
    },
    "cross_validation": {
      "cv_mean": 0.7935735707652096,
      "cv_std": 0.008901195829574327,
      "cv_scores": [
        0.807925692108735,
        0.7974362866459741,
        0.793729738675083,
        0.7825879054677654,
        0.7861882309284909
      ]
    }
  },
  "char_svc_strong_reg": {
    "validation": {
      "accuracy": 0.724,
      "macro_f1": 0.7134361087115423,
      "confusion_matrix": [
        [
          458,
          115
        ],
        [
          161,
          266
        ]
      ],
      "classification_report": {
        "0": {
          "precision": 0.7399030694668821,
          "recall": 0.7993019197207679,
          "f1-score": 0.7684563758389261,
          "support": 573.0
        },
        "1": {
          "precision": 0.6981627296587927,
          "recall": 0.6229508196721312,
          "f1-score": 0.6584158415841584,
          "support": 427.0
        },
        "accuracy": 0.724,
        "macro avg": {
          "precision": 0.7190328995628374,
          "recall": 0.7111263696964496,
          "f1-score": 0.7134361087115423,
          "support": 1000.0
        },
        "weighted avg": {
          "precision": 0.7220799443688279,
          "recall": 0.724,
          "f1-score": 0.7214690677121403,
          "support": 1000.0
        }
      }
    },
    "test": {
      "accuracy": 0.4781144781144781,
      "macro_f1": 0.4232535739861616,
      "confusion_matrix": [
        [
          252,
          1466
        ],
        [
          84,
          1168
        ]
      ],
      "classification_report": {
        "0": {
          "precision": 0.75,
          "recall": 0.14668218859138532,
          "f1-score": 0.2453748782862707,
          "support": 1718.0
        },
        "1": {
          "precision": 0.4434320425208808,
          "recall": 0.9329073482428115,
          "f1-score": 0.6011322696860525,
          "support": 1252.0
        },
        "accuracy": 0.4781144781144781,
        "macro avg": {
          "precision": 0.5967160212604404,
          "recall": 0.5397947684170984,
          "f1-score": 0.4232535739861616,
          "support": 2970.0
        },
        "weighted avg": {
          "precision": 0.6207666388000481,
          "recall": 0.4781144781144781,
          "f1-score": 0.3953439873881316,
          "support": 2970.0
        }
      }
    },
    "cross_validation": {
      "cv_mean": 0.7829794894022446,
      "cv_std": 0.009072496995527368,
      "cv_scores": [
        0.7945837941612237,
        0.776402169120086,
        0.7934099872707163,
        0.7736124851823133,
        0.7768890112768836
      ]
    }
  },
  "word_lr_l1_reg": {
    "validation": {
      "accuracy": 0.71,
      "macro_f1": 0.6886260463238547,
      "confusion_matrix": [
        [
          486,
          87
        ],
        [
          203,
          224
        ]
      ],
      "classification_report": {
        "0": {
          "precision": 0.7053701015965167,
          "recall": 0.8481675392670157,
          "f1-score": 0.7702060221870047,
          "support": 573.0
        },
        "1": {
          "precision": 0.7202572347266881,
          "recall": 0.5245901639344263,
          "f1-score": 0.6070460704607046,