{
  "word_lr_balanced": {
    "validation": {
      "accuracy": 0.723,
      "macro_f1": 0.7213478715303032,
      "confusion_matrix": [
        [
          400,
          173
        ],
        [
          104,
          323
        ]
      ],
      "classification_report": {
        "0": {
          "precision": 0.7936507936507936,
          "recall": 0.6980802792321117,
          "f1-score": 0.7428040854224698,
          "support": 573.0
        },
        "1": {
          "precision": 0.6512096774193549,
          "recall": 0.7564402810304449,
          "f1-score": 0.6998916576381365,
          "support": 427.0
        },
        "accuracy": 0.723,
        "macro avg": {
          "precision": 0.7224302355350742,
          "recall": 0.7272602801312783,
          "f1-score": 0.7213478715303032,
          "support": 1000.0
        },
        "weighted avg": {
          "precision": 0.7328284370199692,
          "recall": 0.723,
          "f1-score": 0.7244804787585595,
          "support": 1000.0
        }
      }
    },
    "test": {
      "accuracy": 0.4703703703703704,
      "macro_f1": 0.40900950544152087,
      "confusion_matrix": [
        [
          220,
          1498
        ],
        [
          75,
          1177
        ]
      ],
      "classification_report": {
        "0": {
          "precision": 0.7457627118644068,
          "recall": 0.1280558789289872,
          "f1-score": 0.2185792349726776,
          "support": 1718.0
        },
        "1": {
          "precision": 0.44,
          "recall": 0.9400958466453674,
          "f1-score": 0.5994397759103641,
          "support": 1252.0
        },
        "accuracy": 0.4703703703703704,
        "macro avg": {
          "precision": 0.5928813559322034,
          "recall": 0.5340758627871773,
          "f1-score": 0.40900950544152087,
          "support": 2970.0
        },
        "weighted avg": {
          "precision": 0.6168688010043942,
          "recall": 0.4703703703703704,
          "f1-score": 0.3791305471794061,
          "support": 2970.0
        }
      }
    },
    "cross_validation": {
      "cv_mean": 0.7834018512092291,
      "cv_std": 0.007968781300531002,
      "cv_scores": [
        0.7846683893195521,
        0.7825919241563264,
        0.7896524324723186,
        0.7687858331086478,
        0.7913106769893011
      ]
    }
  },
  "word_svc_balanced": {
    "validation": {
      "accuracy": 0.735,
      "macro_f1": 0.7333357484058005,
      "confusion_matrix": [
        [
          407,
          166
        ],
        [
          99,
          328
        ]
      ],
      "classification_report": {
        "0": {
          "precision": 0.8043478260869565,
          "recall": 0.7102966841186736,
          "f1-score": 0.7544022242817423,
          "support": 573.0
        },
        "1": {
          "precision": 0.6639676113360324,
          "recall": 0.7681498829039812,
          "f1-score": 0.7122692725298588,
          "support": 427.0
        },
        "accuracy": 0.735,
        "macro avg": {
          "precision": 0.7341577187114945,
          "recall": 0.7392232835113275,
          "f1-score": 0.7333357484058005,
          "support": 1000.0
        },
        "weighted avg": {
          "precision": 0.744405474388312,
          "recall": 0.735,
          "f1-score": 0.7364114538836881,
          "support": 1000.0
        }
      }
    },
    "test": {
      "accuracy": 0.49595959595959593,
      "macro_f1": 0.4524742895332715,
      "confusion_matrix": [
        [
          318,
          1400
        ],
        [
          97,
          1155
        ]
      ],
      "classification_report": {
        "0": {
          "precision": 0.7662650602409639,
          "recall": 0.1850989522700815,
          "f1-score": 0.2981715893108298,
          "support": 1718.0
        },
        "1": {
          "precision": 0.4520547945205479,
          "recall": 0.9225239616613419,
          "f1-score": 0.6067769897557131,
          "support": 1252.0
        },
        "accuracy": 0.49595959595959593,
        "macro avg": {
          "precision": 0.6091599273807559,
          "recall": 0.5538114569657117,
          "f1-score": 0.4524742895332715,
          "support": 2970.0
        },
        "weighted avg": {
          "precision": 0.6338100930079804,
          "recall": 0.49595959595959593,
          "f1-score": 0.4282638321919726,
          "support": 2970.0
        }
      }
    },
    "cross_validation": {
      "cv_mean": 0.7749280361545018,
      "cv_std": 0.007660409731897337,
      "cv_scores": [
        0.7832723610014741,
        0.7734224037983769,
        0.783342455756249,
        0.7631551848419318,
        0.771447775374477
      ]
    }
  },
  "word_lr_higher_c": {
    "validation": {
      "accuracy": 0.731,
      "macro_f1": 0.7263030872808263,
      "confusion_matrix": [
        [
          431,
          142
        ],
        [
          127,
          300
        ]
      ],
      "classification_report": {
        "0": {
          "precision": 0.7724014336917563,
          "recall": 0.7521815008726004,
          "f1-score": 0.762157382847038,
          "support": 573.0
        },
        "1": {
          "precision": 0.6787330316742082,
          "recall": 0.702576112412178,
          "f1-score": 0.6904487917146145,
          "support": 427.0
        },
        "accuracy": 0.731,
        "macro avg": {
          "precision": 0.7255672326829823,
          "recall": 0.7273788066423892,
          "f1-score": 0.7263030872808263,
          "support": 1000.0
        },
        "weighted avg": {
          "precision": 0.7324050260302634,
          "recall": 0.731,
          "f1-score": 0.7315378144334932,
          "support": 1000.0
        }
      }
    },
    "test": {
      "accuracy": 0.5077441077441077,
      "macro_f1": 0.47497417275428716,
      "confusion_matrix": [
        [
          383,
          1335
        ],
        [
          127,
          1125
        ]
      ],
      "classification_report": {
        "0": {
          "precision": 0.7509803921568627,
          "recall": 0.2229336437718277,
          "f1-score": 0.34380610412926393,
          "support": 1718.0
        },
        "1": {
          "precision": 0.4573170731707317,
          "recall": 0.8985623003194888,
          "f1-score": 0.6061422413793104,
          "support": 1252.0
        },
        "accuracy": 0.5077441077441077,
        "macro avg": {
          "precision": 0.6041487326637972,
          "recall": 0.5607479720456583,
          "f1-score": 0.47497417275428716,
          "support": 2970.0
        },
        "weighted avg": {
          "precision": 0.6271869661061437,
          "recall": 0.5077441077441077,
          "f1-score": 0.4543935936366909,
          "support": 2970.0
        }
      }
    },
    "cross_validation": {
      "cv_mean": 0.7648936053053845,
      "cv_std": 0.006330333910563187,
      "cv_scores": [
        0.771579139346928,
        0.7700817519117437,
        0.7674684655618098,
        0.7546908844176519,
        0.760647785288789
      ]
    }
  },
  "word_lr_tri_gram": {
    "validation": {
      "accuracy": 0.737,
      "macro_f1": 0.7306958593720401,
      "confusion_matrix": [
        [
          445,
          128
        ],
        [
          135,
          292
        ]
      ],
      "classification_report": {
        "0": {
          "precision": 0.7672413793103449,
          "recall": 0.7766143106457243,
          "f1-score": 0.7718993928881179,
          "support": 573.0
        },
        "1": {
          "precision": 0.6952380952380952,
          "recall": 0.6838407494145199,
          "f1-score": 0.6894923258559622,