experiment,val_accuracy,val_macro_f1,test_accuracy,test_macro_f1
word_svc,0.733,0.7284816633599733,0.5131313131313131,0.48237159630716897
word_lr,0.734,0.7280430550784381,0.5117845117845118,0.4783411964731916
char_svc,0.728,0.7212155004181767,0.49966329966329964,0.45363967864740345
