variant,val_accuracy,val_macro_f1,test_accuracy,test_macro_f1
raw,0.724,0.717819109780635,0.5084175084175084,0.4758802412580228
normalized,0.732,0.7263250767923666,0.5121212121212121,0.4778396751478049
